{
    "autoAdd": true,
    "autoCancel": {
        "members": 500,
        "on": true
    },
    "autoJoin": false,
    "autoJoinTicket": true,
    "autoLeave": true,
    "autoPtt": false,
    "autoRead": false,
    "blacklist": {
        "u1c00892b0137aff9ecc5d126818a462a": true,
        "u434dc3f2ed6c212ac7256c565d08d744": true,
        "u4fc8f0882c1c2ef41d0acb6f4e253ac9": true,
        "u6f44850d3ca64a9d4e5dbc073dd73bcc": true,
        "u74861c83bbe8541df2c183e7057b843d": true,
        "u8658fa558740fe1e2ffeb8438188c14b": true,
        "u8a5fe4d7ecfc918eb72025fe1dd48266": true,
        "u9c91b167d45b045becf40cc2865faf7a": true,
        "u9f732158a75dfe6950372ebd44a4cfc8": true,
        "ua429cc1e4a199da7da008ee57d7e7e27": true,
        "uafadc43f0a6af61a96f1beb389abc576": true,
        "ub10a192fd8e6512c0c350ee719eaedc9": true,
        "uc509f29a9b4b2ed766e910ea34bc6829": true,
        "uccfbe9ebfd101340fd2226542bfb8cfa": true
    },
    "canceljoin": false,
    "cancelprotect": false,
    "changeGroupPicture": {},
    "changePicture": {},
    "checkSticker": true,
    "contact": false,
    "dblack": false,
    "dblacklist": false,
    "detectMention": false,
    "inviteprotect": false,
    "keyCommand": "",
    "kickContact": true,
    "kickerjoin": false,
    "kickjoin": false,
    "kickmeber": false,
    "lang": "JP",
    "mimic": {
        "copy": false,
        "status": true,
        "target": {}
    },
    "potoMention": true,
    "protect": false,
    "qrprotect": false,
    "reread": false,
    "timeline": true,
    "userAgent": [
        "Mozilla/5.0 (X11; U; Linux i586; de; rv:5.0) Gecko/20100101 Firefox/5.0",
        "Mozilla/5.0 (X11; U; Linux amd64; rv:5.0) Gecko/20100101 Firefox/5.0 (Debian)",
        "Mozilla/5.0 (X11; U; Linux amd64; en-US; rv:5.0) Gecko/20110619 Firefox/5.0",
        "Mozilla/5.0 (X11; Linux) Gecko Firefox/5.0",
        "Mozilla/5.0 (X11; Linux x86_64; rv:5.0) Gecko/20100101 Firefox/5.0 FirePHP/0.5",
        "Mozilla/5.0 (X11; Linux x86_64; rv:5.0) Gecko/20100101 Firefox/5.0 Firefox/5.0",
        "Mozilla/5.0 (X11; Linux x86_64) Gecko Firefox/5.0",
        "Mozilla/5.0 (X11; Linux ppc; rv:5.0) Gecko/20100101 Firefox/5.0",
        "Mozilla/5.0 (X11; Linux AMD64) Gecko Firefox/5.0",
        "Mozilla/5.0 (X11; FreeBSD amd64; rv:5.0) Gecko/20100101 Firefox/5.0",
        "Mozilla/5.0 (Windows NT 6.2; WOW64; rv:5.0) Gecko/20100101 Firefox/5.0",
        "Mozilla/5.0 (Windows NT 6.1; Win64; x64; rv:5.0) Gecko/20110619 Firefox/5.0",
        "Mozilla/5.0 (Windows NT 6.1; Win64; x64; rv:5.0) Gecko/20100101 Firefox/5.0",
        "Mozilla/5.0 (Windows NT 6.1; rv:6.0) Gecko/20100101 Firefox/5.0",
        "Mozilla/5.0 (Windows NT 6.1.1; rv:5.0) Gecko/20100101 Firefox/5.0",
        "Mozilla/5.0 (Windows NT 5.2; WOW64; rv:5.0) Gecko/20100101 Firefox/5.0",
        "Mozilla/5.0 (Windows NT 5.1; U; rv:5.0) Gecko/20100101 Firefox/5.0",
        "Mozilla/5.0 (Windows NT 5.1; rv:2.0.1) Gecko/20100101 Firefox/5.0",
        "Mozilla/5.0 (Windows NT 5.0; WOW64; rv:5.0) Gecko/20100101 Firefox/5.0",
        "Mozilla/5.0 (Windows NT 5.0; rv:5.0) Gecko/20100101 Firefox/5.0"
    ],
    "wblack": false,
    "wblacklist": false
}